{"cameraMode":{"drawMode":0,"name":"Shaded","section":"Shading Mode"},"sceneLighting":true,"audioPlay":false,"sceneViewState":{"m_AlwaysRefresh":false,"showFog":true,"showSkybox":true,"showFlares":true,"showImageEffects":true,"showParticleSystems":true,"showVisualEffectGraphs":true,"m_FxEnabled":true},"in2DMode":false,"pivot":{"x":-0.02651025727391243,"y":-0.3492969274520874,"z":1.176324486732483},"rotation":{"x":0.25430357456207278,"y":0.6648096442222595,"z":-0.25892558693885805,"w":0.6529467701911926},"size":0.36665868759155276,"orthographic":false}